danceability,energy,key,loudness,mode,speechiness,acousticness,instrumentalness,liveness,valence,tempo,time_signature,Genre
0.6248000000000001,0.7285,6.0,-4.0403,0.4,0.04699999999999999,0.15841699999999997,0.00035564099999999996,0.10597000000000001,0.42669999999999997,125.72059999999999,3.8,"['complextro', 'edm', 'german techno', 'pop', 'pop dance']"
0.5475,0.8082,5.9,-3.6424999999999996,0.6,0.06978000000000001,0.05615623000000001,0.091926935,0.20054,0.4316,133.4316,3.9,"['edm', 'electra', 'electro house', 'pop dance']"
0.7030000000000001,0.7316,7.0,-5.2488,0.7,0.07248,0.10733100000000002,5.5787999999999995e-05,0.13881000000000002,0.5767,130.67579999999998,4.0,"['pop dance', 'pop edm']"
0.5856000000000001,0.7224,5.4,-6.08,0.8,0.044800000000000006,0.10963620000000003,0.0005652669999999999,0.21598,0.5441,110.68390000000002,4.0,"['black americana', 'contemporary country', 'country', 'country road']"
0.47319999999999995,0.7116,2.6,-4.6506,0.7,0.054000000000000006,0.177927,0.000771058,0.14146999999999998,0.27068000000000003,133.60269999999997,4.0,"['edm', 'melodic dubstep', 'pop dance']"
