danceability,energy,key,loudness,mode,speechiness,acousticness,instrumentalness,liveness,valence,tempo,time_signature,Genre
0.6248000000000001,0.7285,6.0,-4.0403,0.4,0.047,0.15841699999999997,0.00035564099999999996,0.10597000000000001,0.42669999999999997,125.72060000000002,3.8,"['complextro', 'edm', 'german techno', 'pop', 'pop dance']"
0.7348999999999999,0.56749,7.3,-8.2116,0.6,0.19540999999999997,0.216887,0.00011895499999999999,0.13279000000000002,0.6435,123.80689999999997,4.0,[]
0.6890999999999999,0.6723,4.9,-5.6926,0.5,0.0892,0.193695,4.546e-06,0.25222,0.5024000000000001,123.22289999999998,3.6,['pop']
0.6664,0.6129999999999999,4.8,-6.3093,0.6,0.18103999999999998,0.138266,3.35e-05,0.17903,0.40544,137.9669,4.0,"['chicago rap', 'melodic rap', 'rap']"
0.7339000000000001,0.5834999999999999,6.6,-6.2509999999999994,0.5,0.07374,0.21439500000000003,2.15e-07,0.13238999999999998,0.5529,108.3608,4.0,['melodic rap']
