danceability,energy,key,loudness,mode,speechiness,acousticness,instrumentalness,liveness,valence,tempo,time_signature,Genre
0.6918,0.7037,6.4,-5.402,0.6,0.13729,0.13998,0.00672703,0.10674999999999998,0.4647,132.5308,4.0,"['complextro', 'edm', 'german techno', 'pop', 'pop dance']"
0.626,0.8002,7.5,-4.8417,0.6,0.08759,0.093081,6.9548e-05,0.15507,0.6609,136.57760000000002,3.9,"['pop dance', 'pop edm']"
0.5592,0.8099000000000001,6.1,-3.2402,0.6,0.07137,0.076824,0.000742565,0.15963999999999998,0.3435,127.7491,4.0,"['edm', 'electra', 'electro house', 'pop dance']"
0.5917000000000001,0.7384999999999999,4.9,-5.931900000000001,0.8,0.04755,0.18617820000000002,0.0005469769999999999,0.16078,0.5974999999999999,118.1661,4.0,"['black americana', 'contemporary country', 'country', 'country road']"
0.42560000000000003,0.7097000000000001,5.1,-4.3585,0.6,0.05430999999999999,0.20199699999999998,0.0007714130000000001,0.13091999999999998,0.20848000000000005,128.8544,4.0,"['edm', 'melodic dubstep', 'pop dance']"
